pipe,V1,V2,V3,V4,V5,V6,V7
W_PMA1040,W_PV61,W_PV60,W_PV59,W_PV156,W_PV160,W_PV143,
W_PMA1043,W_PV53,W_PV54,,,,,
W_PMA523,W_PV44,W_PV47,W_PV166,W_PV167,,,
W_PMA524,W_PV44,W_PV47,W_PV166,W_PV167,,,
W_PMA525,W_PV44,W_PV47,W_PV166,W_PV167,,,
W_PMA526,W_PV44,W_PV47,W_PV166,W_PV167,,,
W_PMA528,W_PV44,W_PV47,W_PV166,W_PV167,,,
W_PMA535,W_PV54,W_PV57,,,,,
W_PMA536,W_PV54,W_PV53,,,,,
W_PMA537,W_PV54,W_PV53,,,,,
W_PMA549,W_PV44,W_PV47,W_PV166,W_PV167,,,
W_PMA550,W_PV44,W_PV47,W_PV166,W_PV167,,,
W_PMA646,W_PV184,W_PV28,W_PV183,W_PV195,W_PV187,W_PV186,W_PV185
W_PMA647,W_PV184,W_PV28,W_PV183,W_PV195,W_PV187,W_PV186,W_PV185
W_PMA672,W_PV184,W_PV185,W_PV177,W_PV30,,,
W_PMA687,W_PV194,W_PV195,W_PV186,W_PV185,W_PV184,W_PV183,W_PV28
W_PMA688,W_PV194,W_PV195,W_PV186,W_PV185,W_PV184,W_PV183,W_PV28
W_PMA732,W_PV194,W_PV195,W_PV186,W_PV185,W_PV184,W_PV183,W_PV28
W_PMA802,W_PV55,W_PV56,,,,,
W_PMA803,W_PV56,W_PV60,,,,,
W_PMA863,W_PV194,,,,,,
W_PMA864,W_PV193,,,,,,
W_PMA887,W_PV130,W_PV133,,,,,
W_PMA888,W_PV130,W_PV133,,,,,
W_PMA889,W_PV61,W_PV60,W_PV59,W_PV156,W_PV160,W_PV143,
W_PMA890,W_PV61,W_PV60,W_PV59,W_PV156,W_PV160,W_PV143,
W_PMA898,W_PV128,W_PV126,,,,,
W_PMA916,W_PV112,W_PV113,,,,,
W_PMA922,W_PV109,W_PV108,,,,,
W_PMA988,W_PV61,W_PV60,W_PV59,W_PV156,W_PV160,W_PV143,